Seed,Rooms,Connections,Corridors,FloorCells,RoomCells,CorridorCells,CAAddedCells,AverageRoomArea,SmallestRoomArea,LargestRoomArea,TotalCorridorLength,AverageCorridorLength,GraphDistance,ShortestPlayablePath,GenerationTimeMs
1,13,12,12,1891,1261,238,531,97.00,30,266,268,22.33,4,131,45.2527
2,13,12,12,1702,1045,274,498,80.38,35,270,321,26.75,4,114,18.8906
3,14,13,13,1965,1276,258,586,91.14,40,168,295,22.69,4,104,21.3932
4,16,15,15,2064,1310,272,618,81.88,30,168,349,23.27,4,103,22.6544
5,13,12,12,1589,939,255,511,72.23,40,182,302,25.17,4,80,17.2807
6,12,11,11,2031,1390,285,502,115.83,25,450,328,29.82,3,91,20.5873
7,14,13,13,2151,1475,280,553,105.36,25,357,329,25.31,3,105,23.1041
8,12,11,11,1846,1236,260,496,103.00,30,308,291,26.45,4,100,19.5661
9,16,15,15,2256,1457,306,669,91.06,35,210,367,24.47,4,107,25.2981
10,12,11,11,2108,1454,221,562,121.17,35,312,325,29.55,3,96,23.5946
11,15,14,14,2217,1484,277,620,98.93,30,243,303,21.64,4,104,25.0670
12,12,11,11,1766,1165,267,469,97.08,42,195,324,29.45,3,86,17.8226
13,14,13,13,2112,1404,320,551,100.29,35,260,365,28.08,4,109,23.5995
14,12,11,11,1979,1352,246,496,112.67,25,368,304,27.64,4,106,20.3217
15,13,12,12,2148,1482,266,541,114.00,25,280,329,27.42,3,95,22.4442
16,12,11,11,2105,1481,253,517,123.42,36,420,280,25.45,4,96,22.3250
17,15,14,14,2130,1474,318,514,98.27,35,225,380,27.14,4,107,23.0596
18,12,11,11,1662,1072,249,494,89.33,30,198,275,25.00,4,109,17.7709
19,14,13,13,2280,1582,273,574,113.00,40,312,325,25.00,4,102,25.1439
20,14,13,13,1797,1146,283,521,81.86,30,210,324,24.92,4,110,19.4798
21,14,13,13,1968,1327,283,514,94.79,30,198,345,26.54,3,104,21.3554
22,13,12,12,2186,1550,231,539,119.23,36,221,297,24.75,3,101,24.4026
23,13,12,12,2025,1367,293,522,105.15,25,308,347,28.92,3,101,22.0179
24,13,12,12,1593,1021,267,449,78.54,30,200,306,25.50,4,108,16.7072
25,15,14,14,1760,1120,298,515,74.67,40,150,323,23.07,4,107,19.1666
26,15,14,14,2217,1465,276,620,97.67,30,198,317,22.64,4,104,30.1124
27,14,13,13,1907,1209,275,558,86.36,30,228,310,23.85,4,100,20.6017
28,14,13,13,2173,1417,251,641,101.21,30,286,286,22.00,4,93,24.0261
29,12,11,11,2256,1627,272,522,135.58,40,480,339,30.82,3,87,22.8005
30,15,14,14,1884,1208,284,541,80.53,30,189,334,23.86,4,109,20.2482
31,11,10,10,2161,1534,284,480,139.45,25,504,336,33.60,3,82,22.1638
32,14,13,13,1954,1288,297,544,92.00,45,275,328,25.23,4,93,21.4584
33,12,11,11,2359,1677,262,570,139.75,35,286,317,28.82,3,102,25.4721
34,14,13,13,1947,1283,251,556,91.64,35,342,312,24.00,3,98,21.2398
35,12,11,11,1457,935,211,407,77.92,30,192,235,21.36,4,106,15.7466
36,14,13,13,2125,1486,292,549,106.14,35,260,310,23.85,3,102,21.9318
37,12,11,11,1984,1428,212,474,119.00,35,525,242,22.00,4,94,21.3829
38,14,13,13,1956,1211,304,577,86.50,35,161,328,25.23,3,100,21.6893
39,12,11,11,1696,1094,218,497,91.17,40,208,255,23.18,4,104,18.5291
40,15,14,14,2138,1456,289,566,97.07,35,210,333,23.79,4,104,23.5016
41,10,9,9,1844,1280,218,458,128.00,30,418,240,26.67,4,105,19.2084
42,14,13,13,1678,1011,286,515,72.21,30,140,341,26.23,4,103,18.2119
43,15,14,14,2536,1870,284,563,124.67,35,750,320,22.86,3,109,29.2961
44,14,13,13,1726,1076,276,490,76.86,36,144,368,28.31,3,91,30.3881
45,14,13,13,1682,1063,235,510,75.93,25,154,272,20.92,4,106,18.3246
46,14,13,13,1625,954,263,533,68.14,36,128,299,23.00,4,88,17.4941
47,15,14,14,2665,1927,295,653,128.47,35,420,320,22.86,4,95,30.4175
48,14,13,13,2151,1430,269,609,102.14,40,357,304,23.38,3,95,24.0362
49,14,13,13,1823,1145,255,538,81.79,25,210,277,21.31,4,95,20.1004
50,11,10,10,2208,1575,260,524,143.18,45,528,270,27.00,3,114,23.2959
51,13,12,12,1804,1170,275,497,90.00,25,195,326,27.17,3,105,19.1572
52,11,10,10,1964,1339,223,561,121.73,30,264,269,26.90,3,97,21.5878
53,15,14,14,1855,1200,250,544,80.00,30,154,296,21.14,4,100,20.2694
54,12,11,11,1659,1021,250,499,85.08,35,224,352,32.00,3,100,18.3397
55,15,14,14,2089,1377,286,597,91.80,36,171,342,24.43,4,103,21.9163
56,12,11,11,2101,1392,287,568,116.00,30,504,346,31.45,3,101,22.7281
57,14,13,13,2294,1548,283,605,110.57,35,231,312,24.00,4,96,25.3562
58,12,11,11,1814,1227,249,468,102.25,40,240,287,26.09,4,93,17.0469
59,14,13,13,1872,1276,227,506,91.14,40,250,288,22.15,4,103,18.6831
60,12,11,11,1778,1135,241,527,94.58,30,220,257,23.36,4,104,18.4926
61,15,14,14,2052,1355,246,586,90.33,60,136,285,20.36,4,93,23.1522
62,11,10,10,1590,1020,186,486,92.73,25,180,217,21.70,4,93,16.4791
63,15,14,14,2202,1535,299,534,102.33,30,621,328,23.43,4,97,22.9675
64,12,11,11,1886,1240,207,559,103.33,56,165,249,22.64,4,101,20.4254
65,14,13,13,2128,1445,249,583,103.21,42,252,281,21.62,4,100,22.5785
66,14,13,13,2137,1430,303,568,102.14,25,323,333,25.62,4,144,23.5268
67,14,13,13,1574,918,306,474,65.57,25,165,377,29.00,3,101,16.9368
68,14,13,13,2167,1434,272,612,102.43,40,198,317,24.38,4,98,22.6207
69,13,12,12,1937,1231,286,539,94.69,40,234,302,25.17,4,102,20.4006
70,15,14,14,1920,1212,261,578,80.80,35,297,318,22.71,3,105,21.0159
71,16,15,15,2264,1561,288,599,97.56,30,420,352,23.47,4,101,25.2289
72,14,13,13,2351,1636,296,605,116.86,35,390,323,24.85,4,119,26.5220
73,11,10,10,2308,1625,235,578,147.73,40,600,293,29.30,3,98,24.6136
74,15,14,14,2053,1358,256,589,90.53,25,180,308,22.00,4,105,22.4126
75,12,11,11,1834,1165,311,566,97.08,42,312,365,33.18,3,94,19.4353
76,14,13,13,1981,1397,279,472,99.79,25,486,299,23.00,4,96,20.8780
77,13,12,12,2060,1384,301,526,106.46,30,396,322,26.83,3,105,22.7451
78,14,13,13,1912,1218,265,566,87.00,25,169,299,23.00,4,99,20.9792
79,10,9,9,1980,1436,253,445,143.60,35,648,302,33.56,3,61,18.5222
80,14,13,13,2539,1805,278,611,128.93,45,304,315,24.23,4,100,27.9599
81,12,11,11,1655,1000,278,514,83.33,40,155,305,27.73,4,106,17.5939
82,14,13,13,1903,1229,287,529,87.79,30,171,309,23.77,4,100,20.5539
83,11,10,10,1910,1358,207,459,123.45,25,459,220,22.00,4,87,17.5073
84,16,15,15,2148,1367,290,638,85.44,30,168,321,21.40,4,112,25.0296
85,12,11,11,1835,1223,217,521,101.92,35,357,235,21.36,4,82,18.4349
86,16,15,15,1793,1131,302,523,70.69,25,192,344,22.93,4,93,19.7086
87,16,15,15,2203,1532,256,564,95.75,30,357,306,20.40,4,99,22.3256
88,14,13,13,2148,1457,251,576,104.07,30,175,307,23.62,4,98,22.7373
89,14,13,13,1757,1141,255,484,81.50,30,176,331,25.46,4,95,17.4376
90,14,13,13,2355,1637,322,583,116.93,35,486,372,28.62,3,101,26.7364
91,16,15,15,2200,1528,275,550,95.50,25,252,341,22.73,4,101,23.6653
92,13,12,12,1689,1063,264,497,81.77,35,234,296,24.67,4,100,19.3872
93,14,13,13,2249,1546,264,578,110.43,40,399,331,25.46,4,100,24.9315
94,14,13,13,2353,1659,234,615,118.50,30,260,321,24.69,3,97,25.7256
95,13,12,12,2190,1538,262,533,118.31,35,459,302,25.17,4,100,23.7843
96,12,11,11,1930,1271,267,546,105.92,25,276,316,28.73,4,103,33.8444
97,14,13,13,2102,1408,261,576,100.57,30,232,321,24.69,4,103,23.0104
98,12,11,11,1682,1087,221,479,90.58,25,225,302,27.45,3,111,18.3661
99,14,13,13,1989,1338,288,517,95.57,25,276,335,25.77,4,92,20.1967
100,12,11,11,1875,1196,302,532,99.67,30,220,336,30.55,3,76,18.3077
101,15,14,14,2163,1454,290,584,96.93,30,220,318,22.71,4,105,24.3151
102,12,11,11,2042,1396,262,509,116.33,30,510,331,30.09,4,127,21.7800
103,14,13,13,1946,1212,283,574,86.57,30,168,335,25.77,4,94,21.4095
104,12,11,11,1746,1073,245,527,89.42,30,240,324,29.45,4,107,18.6123
105,13,12,12,1988,1326,325,502,102.00,40,384,347,28.92,3,101,19.8768
106,11,10,10,1827,1230,223,510,111.82,45,168,251,25.10,4,91,19.7607
107,15,14,14,1838,1135,292,573,75.67,30,168,308,22.00,4,101,20.9310
108,11,10,10,2293,1624,253,562,147.64,30,486,270,27.00,3,104,24.1181
109,15,14,14,1794,1081,295,564,72.07,35,220,321,22.93,4,88,19.9065
110,14,13,13,2042,1360,240,591,97.14,42,170,299,23.00,4,108,23.1494
111,14,13,13,1825,1174,263,541,83.86,35,171,287,22.08,4,97,20.4695
112,13,12,12,2144,1464,320,539,112.62,25,434,354,29.50,3,101,22.7390
113,13,12,12,1938,1305,243,528,100.38,30,330,331,27.58,3,94,21.5938
114,13,12,12,1855,1211,213,556,93.15,30,168,239,19.92,4,77,19.5564
115,13,12,12,2372,1681,265,592,129.31,42,377,282,23.50,4,104,26.4381
116,14,13,13,1750,1177,231,478,84.07,35,192,287,22.08,4,96,18.3676
117,12,11,11,1959,1264,275,568,105.33,35,208,327,29.73,3,76,19.9828
118,16,15,15,2526,1805,290,634,112.81,30,230,319,21.27,4,98,28.3021
119,12,11,11,2233,1578,277,536,131.50,48,462,316,28.73,4,77,22.6702
120,15,14,14,2246,1534,270,598,102.27,35,405,346,24.71,4,108,24.8704
121,11,10,10,1892,1270,250,478,115.45,48,288,304,30.40,3,88,19.2804
122,16,15,15,1880,1153,279,572,72.06,25,242,339,22.60,4,105,21.0979
123,10,9,9,1358,804,335,311,80.40,35,308,405,45.00,3,109,13.2239
124,15,14,14,2217,1510,272,561,100.67,35,171,368,26.29,3,107,24.2114
125,12,11,11,1754,1151,230,487,95.92,25,220,273,24.82,4,98,18.0625
126,15,14,14,1908,1193,272,599,79.53,25,200,320,22.86,3,91,21.1021
127,12,11,11,1606,1040,251,435,86.67,30,160,329,29.91,4,103,16.2349
128,14,13,13,2263,1601,277,550,114.36,40,252,311,23.92,4,100,24.8121
129,12,11,11,2205,1512,226,571,126.00,36,512,283,25.73,4,95,22.0439
130,14,13,13,2108,1409,267,578,100.64,40,234,330,25.38,3,104,23.7975
131,14,13,13,2053,1378,287,542,98.43,35,252,328,25.23,4,103,21.2003
132,13,12,12,2179,1444,291,586,111.08,35,650,339,28.25,3,100,23.7443
133,14,13,13,2329,1597,240,605,114.07,25,304,310,23.85,4,110,24.9865
134,14,13,13,2044,1341,283,580,95.79,30,323,339,26.08,3,105,22.7785
135,16,15,15,2049,1354,294,578,84.63,30,276,331,22.07,4,118,23.1135
136,16,15,15,2094,1428,304,554,89.25,30,399,360,24.00,4,98,23.0949
137,13,12,12,2302,1556,286,630,119.69,35,351,325,27.08,3,106,25.7807
138,13,12,12,1898,1298,239,491,99.85,35,403,277,23.08,4,102,20.1702
139,15,14,14,1738,1050,318,507,70.00,25,255,336,24.00,4,100,18.7168
140,12,11,11,2276,1561,253,615,130.08,45,276,329,29.91,3,78,24.4292
141,13,12,12,2019,1382,243,531,106.31,30,209,259,21.58,4,99,21.4515
142,12,11,11,2179,1526,269,541,127.17,35,352,308,28.00,3,104,24.0597
143,15,14,14,2172,1432,290,617,95.47,25,196,356,25.43,4,116,24.2735
144,12,11,11,1734,1085,273,500,90.42,45,242,308,28.00,3,109,18.1778
145,16,15,15,2123,1358,278,650,84.88,25,208,321,21.40,4,102,24.9861
146,12,11,11,1828,1227,220,503,102.25,30,240,264,24.00,4,105,18.8736
147,16,15,15,1950,1219,326,549,76.19,35,180,364,24.27,4,89,20.8377
148,12,11,11,2046,1438,248,501,119.83,25,312,283,25.73,4,102,20.0089
149,14,13,13,1663,1026,226,533,73.29,25,221,274,21.08,4,100,30.0891
150,11,10,10,1765,1156,252,497,105.09,35,192,273,27.30,4,98,19.1175
151,15,14,14,2293,1551,251,665,103.40,36,238,310,22.14,4,90,26.7481
152,11,10,10,1911,1352,225,445,122.91,35,440,286,28.60,4,94,19.0299
153,14,13,13,2242,1564,285,567,111.71,35,308,318,24.46,4,96,24.3194
154,14,13,13,2292,1605,283,577,114.64,25,400,328,25.23,4,102,25.3909
155,16,15,15,2290,1531,296,635,95.69,30,275,329,21.93,4,102,25.7646
156,15,14,14,1897,1238,264,549,82.53,30,220,304,21.71,4,93,19.8850
157,14,13,13,2099,1471,291,516,105.07,40,336,342,26.31,3,108,22.5499
158,14,13,13,2170,1432,253,621,102.29,30,200,282,21.69,4,101,23.1651
159,13,12,12,2413,1738,277,530,133.69,36,648,328,27.33,3,99,25.4009
160,14,13,13,2563,1860,329,560,132.86,30,783,368,28.31,4,106,30.6285
161,11,10,10,1682,1047,244,505,95.18,36,210,292,29.20,3,72,15.9557
162,15,14,14,2556,1904,291,532,126.93,30,608,342,24.43,3,109,28.2373
163,12,11,11,1730,1116,284,441,93.00,40,300,340,30.91,3,97,17.5936
164,13,12,12,1747,1120,258,515,86.15,35,234,300,25.00,4,94,19.0639
165,12,11,11,2117,1498,232,520,124.83,30,330,295,26.82,4,110,22.1120
166,15,14,14,1595,991,293,459,66.07,25,110,346,24.71,4,114,17.0380
167,11,10,10,1555,972,265,448,88.36,42,186,314,31.40,3,85,15.4639
168,15,14,14,1976,1250,283,577,83.33,36,152,316,22.57,4,95,21.7578
169,12,11,11,1755,1224,227,428,102.00,30,408,251,22.82,4,95,18.5300
170,14,13,13,1985,1303,291,560,93.07,25,234,340,26.15,4,102,20.9794
171,11,10,10,2016,1447,239,487,131.55,45,459,266,26.60,4,102,21.3741
172,13,12,12,1926,1282,242,537,98.62,30,252,322,26.83,3,72,20.6013
173,12,11,11,1522,939,251,437,78.25,25,189,281,25.55,4,107,15.3452
174,14,13,13,1805,1145,249,552,81.79,30,144,298,22.92,4,95,19.6790
175,12,11,11,1666,1082,211,470,90.17,36,170,257,23.36,4,89,17.8149
176,13,12,12,1960,1279,295,508,98.38,35,253,341,28.42,3,104,21.5111
177,14,13,13,2363,1677,251,583,119.79,36,299,321,24.69,4,101,25.1486
178,16,15,15,2018,1322,315,558,82.63,36,216,353,23.53,4,106,22.1942
179,16,15,15,1929,1268,287,526,79.25,36,240,315,21.00,4,105,20.7823
180,14,13,13,1963,1229,336,542,87.79,30,270,369,28.38,3,105,21.6984
181,14,13,13,1661,1051,259,514,75.07,30,168,306,23.54,4,88,17.6492
182,16,15,15,2275,1575,287,576,98.44,30,300,338,22.53,4,102,25.0033
183,16,15,15,2276,1586,253,580,99.13,35,286,306,20.40,4,94,24.3418
184,12,11,11,1972,1333,258,502,111.08,25,280,314,28.55,3,74,20.3543
185,15,14,14,1762,1001,314,583,66.73,30,135,350,25.00,4,120,20.0050
186,12,11,11,1891,1215,296,532,101.25,35,198,316,28.73,3,95,19.8786
187,15,14,14,2398,1653,283,640,110.20,36,348,318,22.71,4,101,26.5344
188,10,9,9,2001,1418,219,475,141.80,40,567,322,35.78,3,91,20.5052
189,14,13,13,2115,1407,275,576,100.50,35,247,303,23.31,4,98,23.1359
190,12,11,11,2554,1887,326,536,157.25,36,483,350,31.82,3,96,27.8476
191,15,14,14,2108,1403,275,579,93.53,36,190,311,22.21,4,92,23.3359
192,12,11,11,2171,1561,218,516,130.08,25,360,257,23.36,4,102,23.2764
193,15,14,14,1925,1204,298,550,80.27,35,180,329,23.50,4,106,20.9234
194,10,9,9,1980,1391,268,482,139.10,48,625,296,32.89,3,105,20.7351
195,14,13,13,2156,1493,289,577,106.64,40,224,321,24.69,3,102,23.6345
196,12,11,11,1848,1289,245,460,107.42,42,225,296,26.91,4,92,18.7418
197,15,14,14,1978,1317,262,542,87.80,35,200,341,24.36,4,100,21.7048
198,13,12,12,2467,1779,259,599,136.85,36,342,304,25.33,4,103,27.0923
199,15,14,14,2247,1535,304,540,102.33,25,567,340,24.29,4,111,24.2720
200,16,15,15,1752,1089,282,513,68.06,35,180,341,22.73,4,111,18.6948
201,16,15,15,1874,1179,297,545,73.69,35,270,359,23.93,4,98,20.5629
202,13,12,12,2053,1427,220,543,109.77,48,286,255,21.25,4,97,21.6885
203,14,13,13,2175,1417,315,584,101.21,40,231,356,27.38,4,113,36.1847
204,16,15,15,1789,1082,296,542,67.63,25,128,366,24.40,4,105,19.9667
205,13,12,12,2115,1447,274,549,111.31,25,384,311,25.92,3,111,23.0878
206,13,12,12,2100,1471,215,537,113.15,36,288,251,20.92,4,89,21.1072
207,12,11,11,2426,1785,268,540,148.75,50,272,290,26.36,3,109,26.5771
208,14,13,13,2394,1683,295,609,120.21,30,320,328,25.23,3,104,26.8102
209,11,10,10,1935,1322,261,487,120.18,40,414,293,29.30,3,106,20.0730
210,16,15,15,2502,1731,296,658,108.19,48,325,329,21.93,4,98,27.5696
211,12,11,11,2147,1487,253,569,123.92,25,289,302,27.45,3,90,23.5422
212,15,14,14,1797,1165,248,520,77.67,25,228,299,21.36,4,93,19.3876
213,11,10,10,2118,1456,237,527,132.36,40,450,262,26.20,4,98,20.7454
214,14,13,13,1985,1266,252,605,90.43,25,176,302,23.23,4,99,22.2053
215,12,11,11,2009,1375,217,544,114.58,30,342,259,23.55,4,98,20.8751
216,14,13,13,2200,1493,301,582,106.64,40,276,345,26.54,4,103,24.7151
217,12,11,11,1856,1242,218,494,103.50,25,220,277,25.18,4,107,20.6403
218,14,13,13,2519,1805,265,620,128.93,35,384,306,23.54,4,106,27.8558
219,11,10,10,2053,1466,216,501,133.27,42,575,242,24.20,4,95,22.0727
220,14,13,13,2032,1324,276,585,94.57,30,221,310,23.85,4,91,22.7222
221,16,15,15,1758,1090,240,553,68.13,30,264,300,20.00,4,90,19.1461
222,13,12,12,2189,1498,313,542,115.23,48,200,342,28.50,4,106,23.0272
223,14,13,13,2274,1620,249,567,115.71,54,264,266,20.46,4,96,23.8904
224,16,15,15,1988,1247,279,605,77.94,25,224,329,21.93,4,98,22.4074
225,13,12,12,2282,1549,227,634,119.15,42,319,264,22.00,4,93,23.5058
226,15,14,14,1840,1160,262,540,77.33,48,150,356,25.43,4,90,19.7011
227,16,15,15,1841,1142,293,545,71.38,35,216,352,23.47,4,101,20.2800
228,10,9,9,2071,1473,247,475,147.30,60,384,261,29.00,3,99,20.7167
229,14,13,13,2123,1475,212,566,105.36,25,475,259,19.92,4,91,23.9283
230,12,11,11,1754,1103,303,471,91.92,30,308,331,30.09,3,93,18.4023
231,15,14,14,2319,1584,241,641,105.60,56,195,313,22.36,4,100,25.5582
232,11,10,10,1868,1176,319,512,106.91,35,270,360,36.00,3,108,19.0246
233,15,14,14,1810,1152,341,479,76.80,30,190,370,26.43,4,112,19.4236
234,12,11,11,1907,1218,310,505,101.50,35,174,337,30.64,3,93,18.6379
235,14,13,13,2240,1607,285,524,114.79,40,504,383,29.46,4,107,24.0085
236,12,11,11,2026,1423,260,459,118.58,35,390,282,25.64,4,107,20.4928
237,15,14,14,2588,1913,278,589,127.53,55,252,323,23.07,4,105,28.4025
238,12,11,11,2152,1488,248,556,124.00,35,330,271,24.64,4,100,21.7764
239,16,15,15,2344,1624,272,621,101.50,25,234,326,21.73,4,91,26.4026
240,12,11,11,2042,1374,266,543,114.50,49,270,296,26.91,4,112,22.0086
241,14,13,13,2287,1605,265,574,114.64,35,308,315,24.23,4,98,25.0515
242,12,11,11,2242,1537,221,612,128.08,35,306,269,24.45,4,93,23.6418
243,14,13,13,1739,1052,275,537,75.14,25,140,322,24.77,4,91,18.8866
244,15,14,14,2292,1615,258,588,107.67,36,385,292,20.86,4,100,24.6965
245,15,14,14,1789,1133,296,512,75.53,25,168,347,24.79,4,104,19.1783
246,14,13,13,1848,1157,359,498,82.64,25,198,384,29.54,4,104,19.5506
247,16,15,15,2034,1304,291,600,81.50,35,168,321,21.40,4,101,22.9513
248,15,14,14,2656,1912,254,654,127.47,30,726,302,21.57,4,100,30.4013
249,14,13,13,1605,946,265,518,67.57,25,154,356,27.38,3,97,17.7795
250,14,13,13,1992,1263,309,594,90.21,30,297,334,25.69,4,109,22.0403
251,11,10,10,2044,1365,239,584,124.09,50,480,255,25.50,4,101,22.0692
252,15,14,14,2198,1445,313,617,96.33,35,192,353,25.21,4,99,24.1056
253,12,11,11,2041,1383,293,562,115.25,25,351,318,28.91,3,119,22.7555
254,15,14,14,2150,1433,300,595,95.53,42,310,326,23.29,3,107,23.9460
255,12,11,11,1636,997,288,467,83.08,35,153,326,29.64,3,101,30.1024
256,15,14,14,1711,1026,323,493,68.40,30,150,376,26.86,4,117,18.4363
257,12,11,11,1951,1330,254,495,110.83,30,242,298,27.09,3,104,20.9725
258,15,14,14,2174,1509,311,555,100.60,30,304,342,24.43,4,108,23.1610
259,12,11,11,1701,1130,266,465,94.17,35,384,318,28.91,4,110,17.6761
260,15,14,14,2786,1996,292,682,133.07,45,368,326,23.29,4,106,31.7334
261,12,11,11,1629,1072,233,441,89.33,35,238,259,23.55,4,129,17.2324
262,15,14,14,1902,1195,316,547,79.67,25,190,343,24.50,4,87,21.1041
263,12,11,11,1816,1212,230,511,101.00,30,330,290,26.36,4,87,19.9888
264,15,14,14,1944,1292,244,548,86.13,25,286,321,22.93,4,99,20.9245
265,16,15,15,2196,1478,275,589,92.38,30,266,321,21.40,4,93,22.7868
266,15,14,14,2399,1701,276,600,113.40,40,204,326,23.29,4,100,26.2961
267,14,13,13,2231,1557,282,567,111.21,30,504,312,24.00,4,102,24.4382
268,13,12,12,1780,1184,246,508,91.08,30,176,315,26.25,4,109,20.3580
269,14,13,13,2396,1679,233,638,119.93,40,399,280,21.54,4,87,25.4848
270,14,13,13,2158,1479,313,541,105.64,45,494,345,26.54,3,102,23.4228
271,15,14,14,1795,1092,312,547,72.80,42,190,352,25.14,4,111,19.6075
272,13,12,12,2151,1538,265,523,118.31,25,513,348,29.00,3,103,23.1400
273,14,13,13,1765,1106,302,487,79.00,35,230,341,26.23,4,106,19.0904
274,10,9,9,1700,1141,234,447,114.10,49,288,258,28.67,3,100,17.9761
275,15,14,14,2096,1378,291,596,91.87,40,276,312,22.29,4,92,23.7848
276,12,11,11,1665,987,313,492,82.25,35,330,360,32.73,3,91,18.3472
277,15,14,14,2230,1528,268,603,101.87,30,240,299,21.36,4,94,24.5443
278,12,11,11,2461,1887,309,463,157.25,36,527,322,29.27,3,88,24.4714
279,14,13,13,1855,1192,280,528,85.14,35,198,309,23.77,4,94,20.1151
280,13,12,12,1629,1089,275,410,83.77,30,252,314,26.17,4,96,16.9186
281,15,14,14,2290,1588,255,603,105.87,35,378,326,23.29,4,109,24.8026
282,12,11,11,1791,1166,219,514,97.17,35,225,252,22.91,4,90,18.4455
283,15,14,14,2353,1586,311,628,105.73,25,360,384,27.43,3,89,25.6567
284,11,10,10,2394,1774,224,525,161.27,30,704,238,23.80,4,96,25.5713
285,15,14,14,2077,1415,294,553,94.33,25,247,326,23.29,4,97,22.9282
286,10,9,9,1565,966,281,428,96.60,40,203,294,32.67,4,98,15.9027
287,16,15,15,2273,1519,307,624,94.94,30,225,345,23.00,4,99,25.5606
288,14,13,13,2583,1814,229,685,129.57,25,340,280,21.54,4,102,28.9657
289,14,13,13,2226,1506,248,600,107.57,45,435,336,25.85,4,102,24.4042
290,13,12,12,2010,1374,249,524,105.69,25,306,314,26.17,4,100,21.2292
291,14,13,13,1923,1260,257,555,90.00,40,336,301,23.15,3,96,20.6901
292,16,15,15,2462,1729,257,642,108.06,30,231,305,20.33,4,102,26.6604
293,14,13,13,1851,1234,248,530,88.14,30,224,304,23.38,4,99,19.8387
294,13,12,12,2187,1513,276,535,116.38,35,216,333,27.75,3,105,23.2246
295,12,11,11,1480,920,243,428,76.67,48,154,300,27.27,3,86,15.4983
296,16,15,15,2129,1450,277,559,90.63,30,242,335,22.33,4,111,23.4326
297,11,10,10,2165,1528,325,493,138.91,35,594,357,35.70,3,78,20.9048
298,14,13,13,2344,1661,270,567,118.64,30,374,309,23.77,4,92,25.0347
299,12,11,11,1703,1085,273,488,90.42,40,216,316,28.73,3,95,18.1820
300,14,13,13,2530,1829,273,620,130.64,40,304,306,23.54,4,99,27.7090
301,11,10,10,1976,1339,267,504,121.73,30,290,285,28.50,4,107,20.2014
302,15,14,14,1916,1222,304,552,81.47,30,128,334,23.86,4,107,20.8485
303,11,10,10,1685,1114,201,455,101.27,35,352,239,23.90,4,97,16.8613
304,15,14,14,2385,1656,266,619,110.40,25,324,348,24.86,3,101,26.7230
305,11,10,10,2296,1645,265,548,149.55,25,432,280,28.00,3,95,24.6824
306,14,13,13,2136,1466,305,518,104.71,36,297,339,26.08,3,94,23.2411
307,12,11,11,1848,1219,237,519,101.58,25,187,276,25.09,4,100,32.2244
308,14,13,13,1798,1141,272,509,81.50,30,198,319,24.54,4,99,20.1011
309,12,11,11,2171,1494,245,563,124.50,30,312,287,26.09,4,104,23.1616
310,16,15,15,2051,1332,338,544,83.25,40,184,375,25.00,4,106,22.4133
311,14,13,13,1873,1206,238,548,86.14,25,264,279,21.46,4,99,20.5347
312,15,14,14,1778,1068,285,552,71.20,30,162,359,25.64,4,110,20.7764
313,16,15,15,2224,1530,312,533,95.63,42,322,339,22.60,4,102,24.8229
314,16,15,15,2512,1746,304,627,109.13,30,592,340,22.67,4,104,28.1740
315,14,13,13,2013,1341,240,553,95.79,35,171,298,22.92,4,107,22.2695
316,14,13,13,2452,1722,297,619,123.00,30,363,332,25.54,4,103,27.6159
317,14,13,13,1963,1281,263,557,91.50,35,168,331,25.46,4,98,21.0045
318,12,11,11,1947,1303,297,490,108.58,42,348,315,28.64,3,104,20.5622
319,16,15,15,2047,1334,238,611,83.38,35,154,328,21.87,4,88,23.1028
320,12,11,11,1929,1312,291,463,109.33,35,372,373,33.91,4,92,20.1334
321,15,14,14,2515,1838,270,573,122.53,30,476,311,22.21,4,107,28.2762
322,13,12,12,2026,1360,270,522,104.62,25,437,329,27.42,4,106,22.3997
323,15,14,14,2135,1437,286,596,95.80,42,180,319,22.79,4,92,23.2093
324,11,10,10,1792,1230,199,464,111.82,25,384,341,34.10,3,78,18.0858
325,15,14,14,1961,1295,326,511,86.33,25,288,356,25.43,3,107,21.2326
326,12,11,11,1754,1152,237,484,96.00,40,228,283,25.73,4,98,17.4685
327,16,15,15,2134,1444,281,566,90.25,30,180,351,23.40,4,100,23.6497
328,12,11,11,2203,1599,217,535,133.25,25,357,234,21.27,4,95,23.1029
329,16,15,15,2157,1396,265,642,87.25,30,154,371,24.73,4,92,24.2970
330,11,10,10,1559,996,261,441,90.55,40,198,277,27.70,4,103,16.1075
331,14,13,13,1950,1254,246,586,89.57,48,270,300,23.08,4,94,21.2082
332,13,12,12,2146,1486,268,530,114.31,25,374,285,23.75,4,96,20.9236
333,16,15,15,1823,1124,314,520,70.25,30,144,369,24.60,4,97,19.7386
334,14,13,13,1963,1288,270,545,92.00,42,220,319,24.54,4,98,19.9565
335,14,13,13,2591,1854,298,623,132.43,40,720,340,26.15,4,107,28.7814
336,15,14,14,2453,1723,289,613,114.87,48,351,342,24.43,3,104,26.8841
337,14,13,13,2229,1532,249,593,109.43,45,220,303,23.31,4,101,24.5251
338,14,13,13,2288,1588,298,567,113.43,30,272,354,27.23,4,104,25.6081
339,13,12,12,1819,1171,303,517,90.08,30,210,327,27.25,4,99,19.9144
340,16,15,15,2018,1359,285,539,84.94,40,266,325,21.67,4,102,22.4596
341,10,9,9,1894,1307,197,510,130.70,40,285,293,32.56,3,101,20.8544
342,15,14,14,2422,1668,256,638,111.20,36,270,296,21.14,4,97,26.6043
343,12,11,11,2006,1383,258,510,115.25,42,286,330,30.00,3,91,20.3919
344,14,13,13,2134,1495,245,558,106.79,42,450,302,23.23,4,94,23.4409
345,11,10,10,2350,1722,269,542,156.55,54,528,301,30.10,3,107,25.2518
346,16,15,15,2080,1386,279,570,86.63,35,220,330,22.00,4,98,23.5121
347,12,11,11,1892,1281,235,516,106.75,25,280,262,23.82,4,103,19.8584
348,15,14,14,2060,1349,295,584,89.93,25,198,330,23.57,4,110,22.7509
349,12,11,11,1747,1194,224,441,99.50,30,224,238,21.64,4,96,18.0209
350,15,14,14,2140,1470,280,551,98.00,40,240,305,21.79,4,106,23.9138
351,12,11,11,2177,1559,245,528,129.92,40,494,273,24.82,4,107,24.5270
352,13,12,12,2277,1590,249,600,122.31,70,210,287,23.92,4,97,24.7621
353,12,11,11,1937,1323,214,524,110.25,35,264,259,23.55,4,93,20.5252
354,13,12,12,2278,1590,243,597,122.31,42,308,295,24.58,3,100,25.6190
355,13,12,12,2288,1660,232,543,127.69,30,400,326,27.17,4,82,22.8391
356,16,15,15,2127,1450,296,559,90.63,30,195,337,22.47,4,101,23.6885
357,15,14,14,1882,1247,282,514,83.13,30,280,314,22.43,4,103,20.2046
358,13,12,12,2210,1511,307,543,116.23,35,720,328,27.33,3,115,23.8628
359,13,12,12,1844,1200,249,523,92.31,40,231,284,23.67,4,113,20.4296
360,16,15,15,1936,1292,253,526,80.75,30,240,336,22.40,4,101,34.6797
361,14,13,13,2027,1348,269,565,96.29,35,294,305,23.46,4,98,22.5006
362,11,10,10,1580,955,311,432,86.82,48,180,333,33.30,3,71,13.7068
363,15,14,14,1870,1169,263,580,77.93,30,136,319,22.79,4,104,22.0245
364,12,11,11,1975,1287,292,541,107.25,30,340,367,33.36,3,111,21.8471
365,13,12,12,1899,1254,288,512,96.46,25,280,322,26.83,4,93,20.4051
366,12,11,11,2454,1818,218,575,151.50,35,700,280,25.45,3,86,26.4912
367,15,14,14,1665,1029,283,493,68.60,25,184,327,23.36,4,107,18.3053
368,12,11,11,1652,1009,268,487,84.08,30,180,350,31.82,3,108,17.8813
369,14,13,13,1702,1043,280,525,74.50,30,168,322,24.77,4,94,18.2930
370,11,10,10,1672,1126,202,454,102.36,40,320,244,24.40,4,105,17.3199
371,14,13,13,1895,1228,276,537,87.71,30,204,324,24.92,4,91,20.5921
372,12,11,11,1548,957,226,453,79.75,35,156,278,25.27,4,102,16.0681
373,15,14,14,1945,1251,267,571,83.40,25,187,310,22.14,4,110,22.1585
374,12,11,11,1738,1071,226,530,89.25,42,154,268,24.36,4,99,18.8182
375,16,15,15,1981,1265,266,580,79.06,35,171,375,25.00,4,91,21.6502
376,11,10,10,1654,1130,184,433,102.73,35,323,235,23.50,4,83,17.2071
377,15,14,14,2200,1509,291,582,100.60,50,272,310,22.14,4,109,23.9262
378,14,13,13,1656,1050,253,472,75.00,30,195,332,25.54,4,95,17.4096
379,15,14,14,1928,1215,313,563,81.00,40,154,348,24.86,4,99,20.8055
380,13,12,12,2219,1584,272,545,121.85,30,468,318,26.50,3,103,23.7854
381,13,12,12,2200,1524,247,573,117.23,30,364,323,26.92,3,102,24.0705
382,13,12,12,2003,1360,244,553,104.62,30,341,285,23.75,4,91,20.6425
383,16,15,15,1991,1283,306,599,80.19,35,168,324,21.60,4,104,22.4825
384,16,15,15,2355,1632,268,609,102.00,25,306,306,20.40,4,99,25.3906
385,12,11,11,1520,920,315,400,76.67,30,225,370,33.64,3,95,15.0204
386,14,13,13,2498,1796,271,598,128.29,40,420,305,23.46,4,100,27.3421
387,12,11,11,2148,1473,276,558,122.75,42,400,300,27.27,3,103,23.3701
388,16,15,15,2288,1567,247,631,97.94,35,270,299,19.93,4,96,25.0836
389,11,10,10,1903,1313,293,460,119.36,49,312,316,31.60,3,84,19.6469
390,14,13,13,1945,1262,247,575,90.14,30,165,274,21.08,4,101,21.4053
391,12,11,11,2171,1599,219,487,133.25,30,462,300,27.27,3,106,23.4990
392,15,14,14,2356,1579,290,610,105.27,35,380,341,24.36,4,110,26.1483
393,11,10,10,1939,1318,231,511,119.82,30,320,270,27.00,4,109,20.1301
394,15,14,14,2385,1651,268,647,110.07,48,340,324,23.14,4,106,26.7983
395,12,11,11,1755,1148,245,458,95.67,48,204,325,29.55,4,142,18.4378
396,16,15,15,2030,1291,301,591,80.69,30,240,341,22.73,4,99,22.7086
397,11,10,10,1926,1265,212,526,115.00,45,238,275,27.50,4,91,18.4996
398,14,13,13,1873,1202,245,552,85.86,40,198,293,22.54,4,95,20.0956
399,14,13,13,2050,1386,220,587,99.00,30,224,264,20.31,4,96,21.7325
400,14,13,13,2078,1435,285,526,102.50,30,288,327,25.15,3,95,21.7097
401,16,15,15,2326,1554,285,622,97.13,30,330,314,20.93,4,97,23.5189
402,13,12,12,2052,1370,262,574,105.38,30,330,296,24.67,3,93,22.1662
403,13,12,12,2217,1521,242,606,117.00,35,378,263,21.92,4,95,22.3926
404,13,12,12,2246,1573,248,565,121.00,36,486,317,26.42,4,100,23.9107
405,16,15,15,1957,1213,277,607,75.81,30,220,370,24.67,4,112,21.6416
406,16,15,15,2015,1342,286,565,83.88,30,240,342,22.80,4,102,23.9387
407,14,13,13,2017,1324,234,612,94.57,54,169,263,20.23,4,94,21.9655
408,12,11,11,2285,1667,321,489,138.92,30,448,390,35.45,3,69,21.5079
409,15,14,14,2184,1451,236,622,96.73,40,345,325,23.21,4,92,25.0767
410,12,11,11,1967,1303,288,518,108.58,25,408,309,28.09,3,108,21.4105
411,16,15,15,2153,1453,264,604,90.81,30,216,320,21.33,4,107,25.3415
412,12,11,11,1955,1299,284,536,108.25,35,390,298,27.09,3,99,32.9767
413,14,13,13,1928,1238,320,531,88.43,30,192,351,27.00,4,110,21.2510
414,12,11,11,1949,1367,234,497,113.92,40,286,260,23.64,4,106,20.8636
415,15,14,14,1899,1234,315,509,82.27,30,270,347,24.79,4,106,20.0910
416,10,9,9,2088,1543,240,455,154.30,35,624,251,27.89,4,92,21.1151
417,16,15,15,2494,1699,266,680,106.19,35,253,338,22.53,4,102,27.9022
418,11,10,10,2388,1791,226,522,162.82,48,589,245,24.50,4,96,24.4969
419,14,13,13,2253,1512,310,592,108.00,35,338,339,26.08,3,95,25.6596
420,11,10,10,1399,876,231,402,79.64,30,187,246,24.60,4,128,14.8877
421,16,15,15,2060,1360,270,563,85.00,25,189,362,24.13,4,109,22.8727
422,16,15,15,2262,1505,307,642,94.06,25,280,347,23.13,4,100,25.7321
423,14,13,13,1961,1317,300,487,94.07,30,208,342,26.31,3,106,20.8943
424,14,13,13,2290,1585,273,589,113.21,42,416,289,22.23,4,101,24.8044
425,14,13,13,1990,1376,213,526,98.29,25,323,293,22.54,4,98,22.3934
426,13,12,12,2188,1482,261,596,114.00,63,240,292,24.33,4,104,23.1730
427,14,13,13,2190,1512,258,569,108.00,25,375,343,26.38,3,95,23.9146
428,16,15,15,2136,1471,287,552,91.94,35,247,335,22.33,4,97,23.3695
429,12,11,11,1913,1306,221,543,108.83,42,220,290,26.36,3,100,20.5235
430,13,12,12,1760,1175,263,459,90.38,30,216,311,25.92,4,99,18.7064
431,12,11,11,1720,1127,228,498,93.92,30,306,297,27.00,3,65,16.6454
432,16,15,15,2108,1385,284,609,86.56,36,170,336,22.40,4,90,23.8541
433,11,10,10,1842,1216,263,485,110.55,45,380,312,31.20,3,85,18.5402
434,14,13,13,2149,1498,236,573,107.00,40,456,270,20.77,4,91,24.0923
435,12,11,11,2072,1401,264,544,116.75,36,238,313,28.45,3,84,22.1251
436,15,14,14,1996,1297,280,558,86.47,45,152,337,24.07,4,92,55.2693
437,12,11,11,1908,1336,246,490,111.33,30,320,285,25.91,4,99,45.9151
438,14,13,13,1970,1372,289,478,98.00,35,195,329,25.31,3,96,20.2617
439,12,11,11,2175,1491,250,566,124.25,35,420,290,26.36,4,102,21.8934
440,16,15,15,2168,1446,265,595,90.38,25,216,320,21.33,4,99,24.3163
441,12,11,11,1725,1131,264,454,94.25,30,336,286,26.00,4,104,18.3680
442,14,13,13,2347,1716,264,538,122.57,45,247,321,24.69,4,104,26.0126
443,11,10,10,2171,1543,224,529,140.27,60,306,271,27.10,4,95,21.1392
444,16,15,15,2003,1328,288,539,83.00,30,225,350,23.33,4,102,22.3892
445,15,14,14,1817,1105,298,563,73.67,25,160,323,23.07,4,104,20.4206
446,14,13,13,1823,1114,316,511,79.57,25,216,389,29.92,3,103,20.4088
447,14,13,13,1979,1343,279,495,95.93,30,396,313,24.08,4,90,19.2666
448,15,14,14,2013,1292,284,574,86.13,30,225,322,23.00,4,102,22.9996
449,15,14,14,1689,1104,236,487,73.60,25,182,281,20.07,4,105,18.1180
450,14,13,13,2147,1464,287,568,104.57,30,378,325,25.00,3,100,23.6675
451,15,14,14,2117,1471,285,526,98.07,25,220,322,23.00,4,130,23.4309
452,12,11,11,2014,1345,282,530,112.08,25,280,338,30.73,3,94,21.5640
453,14,13,13,2316,1618,267,609,115.57,25,420,312,24.00,4,84,34.1241
454,10,9,9,1861,1314,234,463,131.40,45,510,256,28.44,3,57,26.7921
455,15,14,14,2474,1657,295,703,110.47,30,276,331,23.64,4,118,37.4218
456,11,10,10,2064,1418,253,528,128.91,45,459,297,29.70,3,101,25.1924
457,14,13,13,2184,1485,293,576,106.07,35,352,349,26.85,4,99,26.2512
458,12,11,11,1858,1282,288,455,106.83,35,272,326,29.64,3,102,19.7103
459,15,14,14,2004,1241,314,574,82.73,48,133,362,25.86,3,105,22.3575
460,12,11,11,1551,1001,225,448,83.42,30,190,276,25.09,4,102,17.1922
461,14,13,13,2285,1604,269,572,114.57,25,418,354,27.23,3,108,26.7739
462,12,11,11,1655,1081,240,439,90.08,30,308,257,23.36,4,92,18.7591
463,14,13,13,2298,1568,296,606,112.00,25,345,342,26.31,3,101,27.4648
464,11,10,10,2094,1461,225,561,132.82,63,289,255,25.50,4,99,24.7380
465,13,12,12,2208,1548,254,571,119.08,63,228,311,25.92,3,79,36.8760
466,16,15,15,2364,1615,262,659,100.94,35,361,306,20.40,4,98,30.7301
467,15,14,14,1451,868,262,447,57.87,25,99,294,21.00,4,94,18.4443
468,13,12,12,2488,1831,245,565,140.85,35,627,286,23.83,3,105,27.8078
469,16,15,15,1964,1230,330,579,76.88,25,247,360,24.00,4,110,22.6902
470,14,13,13,1902,1262,263,495,90.14,36,192,333,25.62,4,101,20.4244
471,14,13,13,2190,1490,268,601,106.43,35,570,316,24.31,4,94,23.6638
472,14,13,13,1922,1326,224,511,94.71,25,280,265,20.38,4,93,22.2603
473,14,13,13,2358,1636,289,635,116.86,30,320,306,23.54,3,103,26.4839
474,14,13,13,1749,1151,251,485,82.21,25,228,285,21.92,4,97,18.3761
475,11,10,10,1720,1108,273,449,100.73,40,234,305,30.50,3,108,18.4708
476,15,14,14,2026,1357,268,552,90.47,25,270,315,22.50,4,95,22.8726
477,12,11,11,2042,1470,243,483,122.50,25,324,326,29.64,3,81,21.7518
478,15,14,14,2108,1430,275,559,95.33,35,440,329,23.50,4,104,23.3430
479,11,10,10,2883,2278,243,542,207.09,40,713,290,29.00,3,97,33.0936
480,15,14,14,2031,1296,296,581,86.40,25,208,371,26.50,3,108,23.3609
481,12,11,11,1782,1135,235,545,94.58,30,259,305,27.73,4,107,19.5086
482,15,14,14,2437,1674,302,648,111.60,42,260,318,22.71,4,96,28.3611
483,12,11,11,1950,1345,222,519,112.08,35,450,254,23.09,4,108,21.1165
484,14,13,13,2385,1704,311,542,121.71,25,532,368,28.31,4,109,27.1664
485,12,11,11,2146,1553,212,517,129.42,70,308,225,20.45,4,88,22.8179
486,15,14,14,2366,1636,261,625,109.07,55,240,340,24.29,4,108,27.1574
487,12,11,11,2184,1585,217,535,132.08,25,360,255,23.18,4,101,25.7688
488,13,12,12,2116,1467,283,508,112.85,42,330,314,26.17,4,95,23.4849
489,14,13,13,2227,1551,249,566,110.79,25,240,275,21.15,4,102,26.4731
490,13,12,12,2244,1538,280,604,118.31,42,261,323,26.92,3,107,26.3032
491,14,13,13,2052,1404,256,524,100.29,25,288,310,23.85,4,93,21.4693
492,16,15,15,2119,1412,328,544,88.25,30,351,387,25.80,4,109,24.7383
493,16,15,15,2188,1472,288,581,92.00,25,224,353,23.53,4,99,24.5123
494,13,12,12,2072,1415,264,533,108.85,30,552,298,24.83,4,106,25.0159
495,13,12,12,2107,1402,279,596,107.85,48,270,295,24.58,4,99,23.6926
496,11,10,10,1618,1011,253,469,91.91,40,150,297,29.70,3,98,17.3992
497,16,15,15,2577,1844,244,651,115.25,40,308,303,20.20,4,100,33.2929
498,11,10,10,1689,1062,284,462,96.55,25,290,341,34.10,3,95,17.7642
499,13,12,12,1661,1050,236,498,80.77,25,180,287,23.92,3,99,19.6563
500,12,11,11,2022,1376,300,504,114.67,40,230,326,29.64,3,109,22.1197
501,15,14,14,2017,1304,262,600,86.93,40,168,307,21.93,4,100,22.3005
502,12,11,11,2217,1617,271,520,134.75,30,620,294,26.73,3,100,24.4488
503,16,15,15,1947,1222,233,620,76.38,35,154,314,20.93,4,97,21.5136
504,11,10,10,2058,1514,205,474,137.64,35,600,251,25.10,4,95,20.5036
505,15,14,14,2078,1344,304,605,89.60,35,234,331,23.64,4,107,22.3811
506,11,10,10,2111,1525,247,478,138.64,42,375,262,26.20,4,119,22.1110
507,13,12,12,1904,1242,287,518,95.54,48,306,333,27.75,3,104,20.6632
508,12,11,11,2121,1467,257,549,122.25,40,231,282,25.64,4,98,23.7474
509,15,14,14,2119,1418,305,551,94.53,36,247,357,25.50,4,104,23.0921
510,12,11,11,2216,1532,210,602,127.67,56,256,245,22.27,4,97,24.9315
511,13,12,12,2142,1491,279,531,114.69,40,231,330,27.50,3,91,23.5664
512,14,13,13,2359,1734,267,533,123.86,30,704,314,24.15,4,98,25.8158
513,14,13,13,2364,1746,297,519,124.71,35,476,325,25.00,4,102,26.3269
514,15,14,14,1714,1049,288,502,69.93,25,147,328,23.43,3,106,18.6994
515,14,13,13,2215,1566,269,551,111.86,49,273,308,23.69,3,100,24.0542
516,14,13,13,1897,1221,262,559,87.21,30,374,298,22.92,4,99,21.0768
517,13,12,12,1806,1215,274,465,93.46,30,247,300,25.00,4,89,18.9333
518,14,13,13,2126,1353,292,639,96.64,25,189,325,25.00,4,97,36.1395
519,12,11,11,2077,1445,261,519,120.42,25,231,321,29.18,3,89,24.1455
520,16,15,15,2459,1767,284,599,110.44,30,462,318,21.20,4,106,27.0722
521,11,10,10,1831,1194,288,491,108.55,25,253,313,31.30,3,106,19.2404
522,15,14,14,2303,1622,306,548,108.13,35,374,365,26.07,4,92,25.8586
523,12,11,11,1854,1215,286,492,101.25,25,294,300,27.27,3,100,20.1385
524,16,15,15,1962,1266,318,530,79.13,25,216,351,23.40,4,105,20.7801
525,11,10,10,2016,1429,198,510,129.91,36,464,301,30.10,3,76,21.2208
526,15,14,14,2169,1466,254,622,97.73,45,170,314,22.43,4,112,24.9600
527,11,10,10,2021,1410,229,509,128.18,25,288,279,27.90,3,103,22.0141
528,15,14,14,2172,1519,262,566,101.27,40,231,308,22.00,4,99,24.5639
529,11,10,10,1529,1005,192,442,91.36,30,176,219,21.90,4,70,15.1675
530,14,13,13,2116,1469,253,551,104.93,25,189,311,23.92,4,102,23.1752
531,12,11,11,1823,1200,270,468,100.00,30,532,316,28.73,4,124,19.8307
532,14,13,13,2121,1480,233,546,105.71,50,204,296,22.77,4,108,23.4823
533,13,12,12,1937,1288,258,526,99.08,30,210,304,25.33,4,109,21.0223
534,14,13,13,1656,1019,282,507,72.79,30,132,324,24.92,3,104,17.8238
535,14,13,13,2197,1517,277,537,108.36,48,260,310,23.85,4,105,24.0164
536,14,13,13,2140,1444,286,546,103.14,35,418,347,26.69,3,102,23.0191
537,16,15,15,2603,1861,269,645,116.31,30,580,329,21.93,4,100,29.4784
538,16,15,15,2014,1349,283,558,84.31,40,304,306,20.40,4,93,23.8141
539,13,12,12,1789,1121,268,518,86.23,35,187,308,25.67,4,101,21.2434
540,15,14,14,1850,1163,294,542,77.53,25,288,367,26.21,4,108,20.0550
541,15,14,14,2184,1545,263,525,103.00,30,234,351,25.07,3,104,23.9868
542,11,10,10,1966,1328,260,509,120.73,35,270,320,32.00,3,92,22.0828
543,15,14,14,2215,1465,237,661,97.67,42,289,270,19.29,4,88,25.7251
544,12,11,11,1918,1291,263,472,107.58,30,312,336,30.55,3,90,19.3410
545,14,13,13,2292,1614,275,584,115.29,35,338,315,24.23,4,83,26.0743
546,12,11,11,2017,1424,268,483,118.67,25,528,307,27.91,3,112,22.0351
547,15,14,14,2048,1363,273,566,90.87,40,198,315,22.50,4,107,22.8649
548,12,11,11,2248,1604,257,553,133.67,42,520,285,25.91,4,97,25.1366
549,15,14,14,2050,1330,324,550,88.67,30,221,369,26.36,3,96,22.2882
550,12,11,11,1700,1091,219,484,90.92,48,184,263,23.91,4,106,18.5910
551,14,13,13,2030,1349,271,540,96.36,25,380,373,28.69,4,104,21.5933
552,11,10,10,2323,1772,227,449,161.09,30,735,248,24.80,4,91,22.8255
553,15,14,14,2094,1322,241,673,88.13,30,209,304,21.71,4,99,24.3847
554,12,11,11,1930,1301,235,542,108.42,40,280,278,25.27,4,102,20.4619
555,13,12,12,1869,1224,321,450,94.15,25,276,360,30.00,3,107,19.9075
556,14,13,13,2041,1344,272,572,96.00,30,286,298,22.92,4,99,22.6226
557,16,15,15,2101,1350,286,630,84.38,35,210,335,22.33,4,108,23.5496
558,15,14,14,2027,1358,282,561,90.53,36,210,315,22.50,4,101,23.8125
559,14,13,13,1883,1220,266,523,87.14,30,272,319,24.54,4,98,23.2441
560,13,12,12,1762,1090,289,513,83.85,25,186,322,26.83,3,104,18.3696
561,15,14,14,1794,1077,297,554,71.80,30,187,367,26.21,4,101,19.9822
562,14,13,13,2450,1768,279,572,126.29,45,352,324,24.92,4,106,26.3284
563,12,11,11,1618,997,306,455,83.08,36,136,317,28.82,4,107,16.8342
564,14,13,13,1786,1168,237,507,83.43,30,261,303,23.31,4,105,21.9036
565,12,11,11,1929,1242,273,559,103.50,30,210,311,28.27,3,95,20.8639
566,13,12,12,2135,1486,278,533,114.31,25,324,329,27.42,4,107,24.4820
567,11,10,10,1598,997,240,462,90.64,40,279,274,27.40,4,104,19.0153
568,16,15,15,2343,1609,293,596,100.56,35,375,363,24.20,4,99,34.6678
569,12,11,11,2084,1404,302,557,117.00,25,560,336,30.55,3,107,27.0084
570,14,13,13,2145,1450,254,592,103.57,45,162,280,21.54,4,101,38.1181
571,12,11,11,2094,1508,247,466,125.67,30,725,292,26.55,4,102,21.9721
572,14,13,13,2157,1486,292,565,106.14,30,240,319,24.54,4,90,24.8315
573,12,11,11,2027,1430,263,479,119.17,25,448,292,26.55,4,111,19.8135
574,14,13,13,1637,1005,234,520,71.79,35,190,302,23.23,4,101,17.7618
575,12,11,11,2074,1416,232,563,118.00,30,261,263,23.91,4,95,21.6367
576,16,15,15,2336,1554,310,669,97.13,30,210,342,22.80,4,102,26.3333
577,14,13,13,2257,1545,240,614,110.36,35,364,278,21.38,4,103,25.0837
578,14,13,13,2204,1514,245,584,108.14,30,260,317,24.38,4,87,23.5096
579,14,13,13,2269,1593,266,578,113.79,48,168,320,24.62,4,98,23.9013
580,16,15,15,2395,1672,272,614,104.50,25,384,353,23.53,4,108,26.9535
581,13,12,12,2328,1664,283,511,128.00,35,660,310,25.83,3,99,25.0172
582,14,13,13,1762,1086,316,496,77.57,25,252,363,27.92,3,96,19.5042
583,14,13,13,1871,1248,244,521,89.14,35,182,308,23.69,4,96,19.8292
584,16,15,15,1836,1173,289,529,73.31,35,210,347,23.13,4,98,20.0620
585,15,14,14,2028,1294,269,613,86.27,30,140,304,21.71,4,82,23.3363
586,12,11,11,2433,1746,260,601,145.50,42,462,300,27.27,3,87,25.1615
587,15,14,14,1885,1165,295,548,77.67,25,150,332,23.71,4,112,21.0051
588,11,10,10,1927,1302,260,490,118.36,30,285,315,31.50,3,102,20.1286
589,16,15,15,2399,1620,298,651,101.25,36,380,355,23.67,4,88,26.4115
590,11,10,10,1927,1358,285,454,123.45,30,345,320,32.00,3,84,19.9190
591,14,13,13,1840,1198,263,501,85.57,30,140,309,23.77,4,99,20.0559
592,12,11,11,2266,1636,241,550,136.33,25,500,292,26.55,4,113,25.5353
593,15,14,14,2118,1438,297,559,95.87,35,240,316,22.57,4,102,22.9956
594,12,11,11,2180,1515,265,550,126.25,42,475,284,25.82,4,114,24.3295
595,15,14,14,2135,1480,280,553,98.67,35,256,346,24.71,3,98,23.7555
596,11,10,10,2135,1529,259,499,139.00,35,396,275,27.50,4,95,22.5284
597,15,14,14,2615,1861,274,667,124.07,40,375,324,23.14,4,98,30.3148
598,12,11,11,2042,1480,217,493,123.33,30,513,232,21.09,4,94,22.4230
599,14,13,13,2125,1479,250,533,105.64,35,304,304,23.38,4,108,23.8416
600,14,13,13,2450,1796,241,572,128.29,40,868,278,21.38,4,97,27.1428
601,13,12,12,2147,1466,306,531,112.77,30,495,388,32.33,3,121,23.7100
602,16,15,15,2075,1359,282,602,84.94,45,255,317,21.13,4,95,23.4335
603,15,14,14,2226,1584,256,554,105.60,25,310,317,22.64,4,108,25.4074
604,13,12,12,1453,888,277,414,68.31,25,144,322,26.83,4,109,15.5588
605,14,13,13,2261,1547,288,593,110.50,35,256,337,25.92,4,95,25.4304
606,15,14,14,2130,1432,266,577,95.47,30,304,312,22.29,4,95,24.9186
607,11,10,10,2039,1460,243,497,132.73,35,442,268,26.80,3,117,23.1747
608,13,12,12,2119,1515,237,525,116.54,45,266,253,21.08,4,93,23.4297
609,12,11,11,1616,935,322,478,77.92,40,143,367,33.36,3,76,15.3742
610,14,13,13,2090,1369,277,584,97.79,30,390,311,23.92,3,98,23.5930
611,11,10,10,1659,1085,284,417,98.64,40,238,311,31.10,3,119,17.2191
612,15,14,14,2166,1414,252,641,94.27,40,182,288,20.57,4,92,28.6515
613,12,11,11,2266,1593,251,565,132.75,25,384,294,26.73,4,94,26.5226
614,15,14,14,1984,1253,303,588,83.53,25,243,359,25.64,3,95,22.8638
615,10,9,9,1813,1200,206,509,120.00,45,350,235,26.11,4,106,21.3804
616,14,13,13,1983,1261,281,591,90.07,35,168,308,23.69,4,106,25.5177
617,12,11,11,2345,1785,273,466,148.75,25,1032,307,27.91,4,101,27.0191
618,13,12,12,2256,1543,290,582,118.69,45,240,308,25.67,4,112,25.0769
619,12,11,11,1651,1072,230,472,89.33,36,160,273,24.82,4,91,18.0058
620,13,12,12,2440,1663,261,670,127.92,56,243,325,27.08,4,94,26.1070
621,12,11,11,2344,1701,237,548,141.75,30,264,274,24.91,4,96,25.0981
622,14,13,13,1821,1133,278,534,80.93,25,147,299,23.00,4,98,19.8178
623,15,14,14,2043,1382,259,551,92.13,35,312,302,21.57,4,91,35.4508
624,14,13,13,2515,1872,250,558,133.71,25,550,321,24.69,4,71,27.3093
625,14,13,13,2364,1676,264,578,119.71,40,429,312,24.00,4,100,25.7378
626,14,13,13,1796,1163,275,516,83.07,35,168,299,23.00,3,102,20.1959
627,14,13,13,2011,1339,252,560,95.64,40,182,291,22.38,4,97,22.8292
628,14,13,13,2285,1617,342,536,115.50,42,228,381,29.31,3,94,22.6767
629,15,14,14,1963,1239,278,596,82.60,25,130,308,22.00,3,104,21.4812
630,11,10,10,1705,1058,222,546,96.18,54,144,280,28.00,3,104,19.0050
631,13,12,12,1964,1287,250,557,99.00,30,261,319,26.58,4,88,20.7713
632,12,11,11,2392,1705,267,590,142.08,42,648,308,28.00,3,83,25.0245
633,16,15,15,2233,1504,257,638,94.00,42,144,345,23.00,4,105,24.6441
634,11,10,10,2384,1796,232,491,163.27,35,651,305,30.50,3,90,25.5629
635,14,13,13,1735,1100,238,535,78.57,25,144,298,22.92,4,104,18.3178
636,12,11,11,2367,1765,258,498,147.08,30,680,330,30.00,3,87,24.8098
637,16,15,15,2249,1510,285,644,94.38,35,204,323,21.53,4,102,25.8809
638,12,11,11,1929,1324,239,487,110.33,35,418,294,26.73,4,105,20.0532
639,15,14,14,2211,1508,261,598,100.53,40,252,294,21.00,4,87,24.5659
640,12,11,11,1946,1313,244,502,109.42,30,350,278,25.27,4,101,19.4133
641,15,14,14,2304,1564,261,634,104.27,40,220,310,22.14,4,96,25.9956
642,11,10,10,1992,1425,209,477,129.55,72,264,237,23.70,4,88,19.9015
643,13,12,12,2114,1424,275,549,109.54,25,253,303,25.25,4,96,22.3211
644,14,13,13,1814,1138,257,546,81.29,40,207,344,26.46,4,100,19.6332
645,16,15,15,1887,1200,313,543,75.00,25,196,340,22.67,4,108,20.6404
646,15,14,14,2023,1367,273,551,91.13,30,208,289,20.64,4,94,23.7354
647,14,13,13,1721,1116,273,482,79.71,25,234,335,25.77,3,120,18.9505
648,14,13,13,2235,1525,280,575,108.93,25,306,322,24.77,4,91,23.3893
649,16,15,15,2437,1680,336,647,105.00,40,432,389,25.93,4,110,27.5666
650,15,14,14,2165,1493,262,584,99.53,36,330,349,24.93,3,106,23.9797
651,15,14,14,2192,1509,239,583,100.60,25,342,344,24.57,4,102,23.6897
652,14,13,13,1492,876,222,513,62.57,35,90,280,21.54,4,107,16.8491
653,12,11,11,1557,966,285,436,80.50,36,126,300,27.27,4,112,16.4865
654,15,14,14,2000,1264,295,606,84.27,25,190,335,23.93,4,109,23.0520
655,12,11,11,1935,1367,295,453,113.92,30,486,330,30.00,3,72,16.0502
656,15,14,14,2094,1317,278,625,87.80,25,238,322,23.00,4,109,24.1736
657,12,11,11,1317,739,289,399,61.58,25,175,311,28.27,3,102,14.0456
658,14,13,13,2171,1474,285,581,105.29,30,432,332,25.54,4,104,28.8893
659,11,10,10,1911,1330,217,488,120.91,49,270,252,25.20,4,118,20.7589
660,15,14,14,1855,1161,281,558,77.40,30,238,330,23.57,4,97,20.1846
661,11,10,10,1880,1322,182,483,120.18,30,448,223,22.30,4,82,21.0425
662,14,13,13,2324,1607,258,610,114.79,36,196,339,26.08,3,90,26.4389
663,12,11,11,2135,1518,251,481,126.50,25,546,279,25.36,4,103,22.7761
664,16,15,15,1973,1260,306,579,78.75,30,170,362,24.13,4,105,23.5477
665,11,10,10,2094,1494,229,503,135.82,60,357,258,25.80,4,105,25.9314
666,13,12,12,2155,1493,285,548,114.85,40,272,308,25.67,3,94,27.2224
667,15,14,14,2353,1636,247,623,109.07,25,330,281,20.07,4,101,28.9949
668,14,13,13,2423,1726,278,598,123.29,25,286,343,26.38,3,103,29.5482
669,13,12,12,1961,1308,267,527,100.62,42,276,294,24.50,4,104,22.0810
670,14,13,13,2398,1728,276,567,123.43,36,448,308,23.69,3,103,27.3969
671,14,13,13,2246,1582,294,539,113.00,25,392,335,25.77,4,106,27.0807
672,14,13,13,2461,1790,249,565,127.86,35,468,313,24.08,4,81,27.6433
673,14,13,13,2193,1519,255,585,108.50,35,231,277,21.31,4,104,28.8228
674,12,11,11,2427,1833,327,499,152.75,50,437,358,32.55,3,77,40.5209
675,14,13,13,2219,1507,276,609,107.64,40,315,300,23.08,4,95,45.5207
676,11,10,10,1786,1186,283,430,107.82,36,312,303,30.30,3,112,30.9466
677,15,14,14,2243,1553,266,572,103.53,35,352,300,21.43,4,84,29.3159
678,12,11,11,2519,1830,339,529,152.50,30,704,365,33.18,3,85,29.4955
679,14,13,13,1864,1224,265,545,87.43,40,230,288,22.15,4,101,21.0581
680,12,11,11,1984,1343,261,516,111.92,30,345,290,26.36,4,105,22.8087
681,15,14,14,2131,1331,310,639,88.73,35,252,370,26.43,4,105,25.1305
682,11,10,10,1574,1003,248,435,91.18,42,256,261,26.10,4,101,17.3908
683,14,13,13,2221,1453,271,635,103.79,45,297,313,24.08,3,97,25.7403
684,12,11,11,1996,1359,241,534,113.25,30,288,275,25.00,4,98,19.6687
685,14,13,13,1910,1215,328,501,86.79,25,266,372,28.62,3,94,20.9400
686,11,10,10,1442,900,215,411,81.82,35,176,255,25.50,4,95,15.2536
687,15,14,14,1757,1077,319,511,71.80,25,168,378,27.00,4,93,21.0114
688,11,10,10,1868,1269,195,498,115.36,42,286,244,24.40,4,105,20.0111
689,16,15,15,1974,1345,271,524,84.06,40,171,332,22.13,4,97,22.2943
690,13,12,12,2015,1401,225,500,107.77,30,400,294,24.50,3,101,21.5098
691,13,12,12,2046,1333,216,621,102.54,42,176,276,23.00,4,104,25.9240
692,14,13,13,2501,1740,253,658,124.29,25,247,309,23.77,4,94,28.0099
693,14,13,13,1862,1222,294,502,87.29,25,168,347,26.69,3,105,20.6761
694,15,14,14,2123,1418,273,550,94.53,30,225,330,23.57,4,99,23.9056
695,14,13,13,2476,1733,295,600,123.79,35,360,312,24.00,4,98,27.6614
696,13,12,12,2213,1466,278,622,112.77,30,342,300,25.00,4,99,23.5213
697,10,9,9,1888,1281,210,504,128.10,45,310,264,29.33,3,91,21.3193
698,16,15,15,2102,1401,305,554,87.56,35,154,340,22.67,4,105,23.1977
699,11,10,10,1489,886,264,435,80.55,30,168,305,30.50,4,80,15.5028
700,15,14,14,2033,1343,265,592,89.53,25,198,302,21.57,4,109,22.4865
701,11,10,10,2152,1550,257,501,140.91,36,484,288,28.80,3,72,22.8511
702,15,14,14,1963,1265,281,569,84.33,25,273,329,23.50,4,108,21.3935
703,11,10,10,1838,1243,279,425,113.00,25,464,306,30.60,4,113,19.1779
704,14,13,13,1926,1263,283,539,90.21,30,306,345,26.54,3,100,20.8636
705,11,10,10,1789,1126,237,530,102.36,54,285,273,27.30,4,105,19.1303
706,15,14,14,2181,1484,284,578,98.93,40,230,330,23.57,4,106,32.9722
707,12,11,11,2028,1391,219,564,115.92,49,325,258,23.45,4,102,21.9749
708,14,13,13,2058,1385,248,559,98.93,36,242,327,25.15,4,96,26.0287
709,11,10,10,1797,1168,231,503,106.18,60,195,267,26.70,4,94,18.8379
710,15,14,14,1922,1283,270,535,85.53,30,234,303,21.64,4,105,21.2627
711,16,15,15,1800,1143,272,543,71.44,30,225,320,21.33,4,104,19.4555
712,16,15,15,2328,1555,271,667,97.19,35,231,359,23.93,4,98,26.1130
713,14,13,13,2142,1467,251,555,104.79,25,374,300,23.08,4,115,22.8775
714,14,13,13,1930,1236,283,564,88.29,30,153,323,24.85,4,109,20.4965
715,16,15,15,2172,1438,292,627,89.88,25,200,338,22.53,4,112,24.1561
716,14,13,13,1953,1270,297,549,90.71,55,216,318,24.46,3,100,21.7036
717,14,13,13,2096,1405,257,559,100.36,35,238,314,24.15,4,101,24.2317
718,14,13,13,2039,1393,235,562,99.50,40,276,317,24.38,4,102,22.8251
719,15,14,14,1871,1269,256,485,84.60,40,162,326,23.29,4,106,19.9123
720,11,10,10,2244,1688,227,471,153.45,30,552,291,29.10,3,69,23.0372
721,16,15,15,1939,1209,265,605,75.56,25,154,308,20.53,4,95,22.9999
722,12,11,11,2309,1699,266,511,141.58,30,506,301,27.36,4,109,26.2509
723,15,14,14,1948,1176,319,603,78.40,25,240,369,26.36,4,129,21.6204
724,11,10,10,2225,1507,277,575,137.00,45,432,301,30.10,3,101,25.5752
725,16,15,15,2398,1636,279,655,102.25,25,198,307,20.47,4,97,30.2529
726,11,10,10,1389,839,275,397,76.27,25,240,312,31.20,3,109,14.8258
727,14,13,13,2256,1594,290,558,113.86,40,224,330,25.38,4,101,24.8057
728,11,10,10,2136,1554,246,461,141.27,35,720,261,26.10,4,104,35.6132
729,14,13,13,1798,1104,261,554,78.86,25,198,278,21.38,4,99,18.9438
730,12,11,11,2132,1523,232,529,126.92,35,280,264,24.00,4,96,22.8968
731,13,12,12,2371,1631,278,628,125.46,42,204,299,24.92,3,98,27.0139
732,12,11,11,1915,1300,200,538,108.33,42,253,267,24.27,4,102,21.6121
733,15,14,14,2116,1422,277,599,94.80,30,217,297,21.21,4,103,24.0087
734,14,13,13,1362,750,264,462,53.57,30,120,322,24.77,4,102,15.0509
735,14,13,13,2157,1427,302,594,101.93,63,221,330,25.38,4,96,24.2961
736,14,13,13,2065,1434,250,530,102.43,30,209,281,21.62,4,95,21.5929
737,13,12,12,2535,1793,279,637,137.92,48,544,313,26.08,4,109,29.8715
738,16,15,15,1990,1290,272,560,80.63,35,247,324,21.60,4,122,22.4091
739,16,15,15,1986,1280,314,548,80.00,25,380,348,23.20,4,116,22.9293
740,14,13,13,1442,832,271,465,59.43,35,99,314,24.15,4,114,15.9845
741,11,10,10,1915,1301,201,533,118.27,36,231,283,28.30,4,99,20.5188
742,16,15,15,1976,1254,325,572,78.38,25,238,369,24.60,4,134,22.7813
743,10,9,9,1699,1109,301,429,110.90,30,440,316,35.11,3,103,17.4990
744,15,14,14,2074,1392,267,584,92.80,30,224,302,21.57,4,103,23.3228
745,12,11,11,2026,1394,246,523,116.17,30,384,281,25.55,4,91,21.4586
746,15,14,14,2523,1796,316,593,119.73,42,384,337,24.07,4,107,27.6432
747,10,9,9,2229,1670,260,464,167.00,30,552,297,33.00,3,79,22.7665
748,15,14,14,1950,1264,318,515,84.27,35,266,365,26.07,3,101,20.8533
749,12,11,11,1565,1014,229,445,84.50,30,132,255,23.18,4,99,15.9216
750,15,14,14,2232,1522,296,583,101.47,25,310,339,24.21,4,115,25.2641
751,12,11,11,1518,929,210,477,77.42,36,140,249,22.64,4,99,16.3352
752,14,13,13,2148,1396,289,620,99.71,35,195,348,26.77,4,102,24.5879
753,12,11,11,2167,1585,209,509,132.08,35,299,262,23.82,4,89,23.7642
754,14,13,13,2128,1430,303,550,102.14,35,210,338,26.00,4,102,23.6400
755,13,12,12,1966,1299,241,539,99.92,30,189,269,22.42,4,98,21.2507
756,13,12,12,1819,1147,241,540,88.23,40,203,310,25.83,4,91,19.1688
757,13,12,12,1739,1082,279,494,83.23,30,391,349,29.08,3,106,17.9891
758,14,13,13,1987,1262,293,568,90.14,45,200,329,25.31,4,98,21.1274
759,16,15,15,1803,1135,257,568,70.94,25,225,296,19.73,4,92,19.7950
760,15,14,14,2149,1475,291,550,98.33,25,378,354,25.29,4,101,23.3876
761,14,13,13,1881,1249,292,494,89.21,30,168,310,23.85,4,101,19.8052
762,14,13,13,2433,1693,275,632,120.93,50,391,321,24.69,3,102,27.2872
763,14,13,13,2020,1433,232,472,102.36,30,325,288,22.15,4,88,22.3118
764,11,10,10,2040,1465,267,447,133.18,30,729,320,32.00,3,105,21.6285
765,14,13,13,1911,1196,255,580,85.43,36,192,321,24.69,4,104,20.8358
766,11,10,10,2178,1544,271,524,140.36,40,340,320,32.00,3,81,22.1473
767,14,13,13,2228,1462,259,650,104.43,35,360,326,25.08,4,100,25.1061
768,12,11,11,1692,1098,249,497,91.50,40,168,278,25.27,3,101,18.9462
769,15,14,14,1912,1193,294,587,79.53,35,336,321,22.93,4,101,21.0582
770,11,10,10,2414,1707,336,528,155.18,40,782,358,35.80,3,85,25.3589
771,15,14,14,2366,1590,257,658,106.00,50,230,326,23.29,4,109,26.3336
772,12,11,11,2240,1573,237,579,131.08,35,350,266,24.18,4,100,23.4859
773,15,14,14,2033,1315,288,570,87.67,30,200,325,23.21,3,106,23.0464
774,12,11,11,2225,1568,266,559,130.67,45,299,309,28.09,4,100,25.0328
775,14,13,13,2103,1457,284,546,104.07,25,414,306,23.54,4,108,23.2318
776,12,11,11,1499,921,258,431,76.75,30,270,319,29.00,4,109,15.9067
777,14,13,13,2203,1495,293,566,106.79,40,240,340,26.15,3,110,24.6442
778,14,13,13,2022,1389,243,536,99.21,45,182,276,21.23,4,98,21.8827
779,15,14,14,2412,1709,290,599,113.93,35,324,352,25.14,4,102,30.4030
780,13,12,12,2017,1350,301,511,103.85,30,288,347,28.92,3,101,45.4644
781,14,13,13,2150,1418,252,619,101.29,40,308,295,22.69,4,91,26.3468
782,13,12,12,2506,1912,235,526,147.08,42,493,261,21.75,4,95,26.7531
783,13,12,12,2235,1582,278,572,121.69,25,336,301,25.08,4,100,26.4271
784,14,13,13,2185,1532,254,568,109.43,36,336,301,23.15,4,97,24.4176
785,16,15,15,1916,1196,302,547,74.75,30,176,378,25.20,4,104,20.7019
786,15,14,14,2206,1444,271,644,96.27,35,189,326,23.29,4,93,22.3168
787,12,11,11,2931,2248,267,609,187.33,30,459,336,30.55,3,69,28.9948
788,14,13,13,2154,1466,241,594,104.71,30,330,298,22.92,4,94,23.3310
789,11,10,10,1791,1192,267,458,108.36,25,256,281,28.10,3,106,18.9874
790,15,14,14,1821,1139,289,542,75.93,35,154,323,23.07,4,102,19.9985
791,11,10,10,2150,1589,238,470,144.45,35,648,344,34.40,3,83,23.6389
792,14,13,13,1945,1258,243,569,89.86,30,288,317,24.38,3,95,22.1115
793,12,11,11,1873,1264,216,507,105.33,25,352,242,22.00,4,94,18.6675
794,15,14,14,2172,1497,247,578,99.80,30,299,325,23.21,4,103,24.6491
795,11,10,10,1818,1222,196,510,111.09,36,352,206,20.60,4,93,18.2549
796,15,14,14,2357,1585,316,619,105.67,42,231,342,24.43,4,106,26.1107
797,11,10,10,1783,1265,205,415,115.00,30,440,235,23.50,4,87,16.2735
798,16,15,15,2281,1541,320,599,96.31,35,320,342,22.80,4,91,25.6608
799,12,11,11,1773,1152,237,491,96.00,25,171,261,23.73,4,94,18.7109
800,14,13,13,1824,1182,231,530,84.43,36,144,311,23.92,4,101,19.9459
801,14,13,13,2299,1635,260,558,116.79,30,396,294,22.62,4,90,25.3369
802,16,15,15,1916,1214,278,566,75.88,35,120,355,23.67,4,99,21.6094
803,16,15,15,2078,1346,285,593,84.13,25,162,333,22.20,4,110,23.4441
804,15,14,14,2202,1557,309,537,103.80,36,248,359,25.64,4,109,24.8962
805,14,13,13,1999,1330,220,570,95.00,30,252,271,20.85,4,101,21.6881
806,16,15,15,1730,1039,282,562,64.94,30,209,341,22.73,4,106,19.8316
807,15,14,14,2404,1701,280,606,113.40,25,336,338,24.14,3,97,29.0358
808,12,11,11,1623,1011,289,435,84.25,30,240,308,28.00,3,111,18.0682
809,14,13,13,2061,1347,257,603,96.21,36,196,280,21.54,4,109,23.3806
810,12,11,11,1827,1201,254,503,100.08,35,240,313,28.45,3,72,18.1280
811,14,13,13,2077,1356,274,601,96.86,30,195,322,24.77,3,95,23.3459
812,11,10,10,1746,1143,271,455,103.91,35,174,315,31.50,3,76,15.4925
813,15,14,14,1912,1249,248,551,83.27,30,154,278,19.86,4,83,22.1413
814,12,11,11,1620,1062,275,434,88.50,35,260,326,29.64,3,80,16.5329
815,16,15,15,2157,1410,319,612,88.13,36,150,348,23.20,4,108,28.6168
816,12,11,11,1696,1112,220,476,92.67,36,234,278,25.27,4,97,18.9772
817,13,12,12,2204,1488,273,605,114.46,35,456,311,25.92,4,92,26.7294
818,11,10,10,1796,1180,203,523,107.27,36,216,258,25.80,4,96,18.7242
819,15,14,14,2092,1379,279,613,91.93,30,198,297,21.21,4,100,24.0623
820,11,10,10,2041,1437,214,507,130.64,45,238,230,23.00,4,92,21.6451
821,16,15,15,2458,1716,290,648,107.25,35,297,319,21.27,4,94,28.3048
822,12,11,11,2062,1466,264,467,122.17,35,720,293,26.64,4,104,23.2196
823,13,12,12,2179,1529,273,532,117.62,30,374,326,27.17,3,99,30.2017
824,16,15,15,2105,1346,297,622,84.13,30,216,335,22.33,4,84,24.6039
825,16,15,15,2126,1338,268,640,83.63,40,220,334,22.27,4,99,23.9439
826,13,12,12,1845,1192,253,510,91.69,25,276,308,25.67,4,102,18.8332
827,14,13,13,2313,1588,250,627,113.43,36,390,304,23.38,4,99,25.5119
828,14,13,13,2385,1666,275,628,119.00,30,256,305,23.46,4,103,28.4941
829,14,13,13,1618,996,264,493,71.14,35,130,299,23.00,4,99,17.8080
830,16,15,15,2077,1347,276,621,84.19,40,209,307,20.47,4,103,23.0730
831,12,11,11,1660,979,301,501,81.58,30,152,321,29.18,3,111,17.7546
832,15,14,14,2251,1542,317,562,102.80,30,400,357,25.50,4,84,37.1084
833,12,11,11,1848,1224,297,461,102.00,30,261,316,28.73,3,108,20.3261
834,15,14,14,2004,1294,292,560,86.27,30,192,319,22.79,3,93,22.5255
835,11,10,10,2552,1879,284,548,170.82,25,696,305,30.50,4,111,28.4002
836,14,13,13,2155,1411,240,652,100.79,35,190,281,21.62,4,91,24.4132
837,12,11,11,1850,1269,299,434,105.75,35,330,358,32.55,3,78,17.5711
838,16,15,15,2086,1351,287,602,84.44,42,144,359,23.93,4,100,23.9237
839,12,11,11,1805,1242,246,471,103.50,30,459,291,26.45,4,105,19.5016
840,14,13,13,2061,1327,260,612,94.79,30,288,323,24.85,4,92,23.3553
841,12,11,11,1961,1353,233,507,112.75,56,323,279,25.36,4,110,21.0018
842,15,14,14,1961,1248,311,571,83.20,35,170,332,23.71,4,107,22.5472
843,11,10,10,2040,1395,206,555,126.82,50,320,231,23.10,4,90,21.1846
844,15,14,14,2368,1614,293,626,107.60,25,297,351,25.07,4,86,26.3564
845,14,13,13,2075,1432,305,501,102.29,25,340,348,26.77,4,120,22.9298
846,15,14,14,2107,1382,312,601,92.13,35,270,348,24.86,4,106,23.7536
847,16,15,15,2221,1502,261,594,93.88,36,300,301,20.07,4,106,24.7039
848,16,15,15,2039,1343,279,585,83.94,30,242,347,23.13,4,97,22.7883
849,13,12,12,1698,1104,244,476,84.92,40,210,314,26.17,4,100,18.2026
850,13,12,12,1892,1188,280,569,91.38,35,320,330,27.50,4,69,20.2498
851,16,15,15,2322,1541,273,668,96.31,30,242,351,23.40,4,107,26.6778
852,16,15,15,2024,1271,306,616,79.44,35,230,346,23.07,4,106,22.6256
853,14,13,13,1775,1086,270,547,77.57,25,170,326,25.08,3,107,19.7740
854,12,11,11,2394,1738,257,586,144.83,48,280,273,24.82,4,114,26.9111
855,15,14,14,2195,1405,264,668,93.67,40,187,315,22.50,4,95,25.7746
856,12,11,11,2330,1676,288,556,139.67,36,594,320,29.09,3,78,27.4914
857,14,13,13,2283,1559,268,622,111.36,35,216,298,22.92,4,91,24.8827
858,12,11,11,2205,1588,267,503,132.33,42,285,310,28.18,3,95,24.1404
859,14,13,13,1817,1182,303,486,84.43,25,176,339,26.08,4,102,18.4114
860,11,10,10,1966,1389,210,499,126.27,40,270,244,24.40,4,104,21.3638
861,16,15,15,1792,1094,273,562,68.38,35,126,326,21.73,4,98,20.3237
862,11,10,10,1842,1248,261,470,113.45,25,352,290,29.00,4,98,20.0670
863,15,14,14,1997,1341,281,533,89.40,30,224,338,24.14,4,87,22.3335
864,12,11,11,1560,957,235,489,79.75,35,156,289,26.27,4,122,16.9112
865,14,13,13,1959,1269,273,548,90.64,45,154,342,26.31,3,106,21.7980
866,12,11,11,2100,1438,225,593,119.83,25,384,283,25.73,4,90,22.2696
867,14,13,13,1903,1200,329,535,85.71,40,221,350,26.92,4,110,20.5644
868,16,15,15,1848,1194,249,550,74.63,30,225,292,19.47,4,89,20.7479
869,13,12,12,2159,1522,283,497,117.08,25,476,335,27.92,3,98,23.5916
870,14,13,13,2396,1737,239,589,124.07,30,320,275,21.15,4,92,26.9622
871,16,15,15,2411,1673,313,606,104.56,35,253,359,23.93,4,106,28.1642
872,13,12,12,2485,1854,266,540,142.62,42,429,297,24.75,4,96,27.3817
873,16,15,15,1862,1182,258,547,73.88,25,224,366,24.40,4,101,20.6872
874,14,13,13,2355,1674,260,581,119.57,25,224,297,22.85,4,110,26.3872
875,12,11,11,2130,1462,284,552,121.83,55,288,301,27.36,3,109,23.0990
876,14,13,13,1968,1333,255,519,95.21,25,216,297,22.85,4,90,20.7303
877,11,10,10,2234,1632,266,475,148.36,70,425,292,29.20,3,97,22.3303
878,15,14,14,2045,1285,286,623,85.67,35,192,326,23.29,4,103,22.4265
879,12,11,11,2222,1605,256,527,133.75,30,336,352,32.00,3,103,24.6033
880,14,13,13,1852,1178,316,487,84.14,35,231,332,25.54,3,118,19.5291
881,12,11,11,2202,1606,257,486,133.83,25,630,290,26.36,3,105,23.2272
882,14,13,13,1894,1253,233,542,89.50,35,182,293,22.54,4,103,21.0770
883,12,11,11,1834,1230,248,490,102.50,30,288,302,27.45,4,110,19.3880
884,16,15,15,2266,1510,293,619,94.38,30,260,370,24.67,4,104,38.5994
885,12,11,11,1875,1276,252,473,106.33,40,224,287,26.09,4,128,19.7901
886,15,14,14,1743,1074,302,499,71.60,25,210,349,24.93,4,95,18.1781
887,12,11,11,1880,1283,241,505,106.92,45,208,254,23.09,4,98,19.8459
888,14,13,13,1885,1169,329,533,83.50,35,171,358,27.54,3,111,21.2064
889,12,11,11,2153,1541,266,498,128.42,30,380,301,27.36,4,94,23.5355
890,16,15,15,2257,1542,318,566,96.38,25,340,364,24.27,4,102,24.8667
891,13,12,12,2083,1406,266,564,108.15,35,264,300,25.00,4,113,21.8419
892,13,12,12,1820,1149,276,539,88.38,30,198,307,25.58,4,86,20.1697
893,14,13,13,2030,1381,250,538,98.64,30,247,295,22.69,4,88,21.4371
894,14,13,13,2108,1434,278,569,102.43,36,260,328,25.23,4,104,23.3991
895,15,14,14,2308,1613,290,568,107.53,25,580,333,23.79,4,110,26.4958
896,15,14,14,2296,1599,281,591,106.60,35,518,327,23.36,4,108,25.4507
897,13,12,12,1901,1253,226,555,96.38,40,270,263,21.92,4,93,19.3565
898,11,10,10,2289,1629,253,535,148.09,30,418,281,28.10,3,71,20.7337
899,16,15,15,2255,1530,293,615,95.63,42,170,340,22.67,4,106,26.1509
900,11,10,10,2238,1611,233,529,146.45,55,528,287,28.70,4,95,24.4988
901,14,13,13,2348,1595,269,633,113.93,30,272,292,22.46,4,108,26.4241
902,12,11,11,1729,1066,315,491,88.83,25,252,354,32.18,3,88,19.6109
903,15,14,14,1917,1224,297,551,81.60,25,192,325,23.21,4,102,22.8298
904,11,10,10,1808,1197,285,458,108.82,48,360,307,30.70,3,97,19.6547
905,15,14,14,2100,1382,306,559,92.13,40,210,358,25.57,4,109,24.7209
906,13,12,12,1953,1370,231,480,105.38,30,437,280,23.33,4,105,18.8263
907,14,13,13,2078,1357,304,553,96.93,42,198,345,26.54,3,102,22.3197
908,11,10,10,1984,1351,226,510,122.82,42,300,246,24.60,4,94,20.5056
909,15,14,14,1839,1126,302,559,75.07,30,156,345,24.64,3,105,20.3587
910,12,11,11,1677,1090,265,418,90.83,40,220,371,33.73,4,104,17.0970
911,14,13,13,1717,1072,271,523,76.57,25,198,300,23.08,4,107,19.8066
912,16,15,15,2166,1464,254,605,91.50,35,304,301,20.07,4,93,24.2685
913,14,13,13,2456,1756,247,605,125.43,45,552,326,25.08,3,94,27.0137
914,14,13,13,2172,1539,260,516,109.93,35,440,302,23.23,4,109,22.9477
915,14,13,13,2127,1412,328,559,100.86,48,308,349,26.85,3,98,23.3230
916,16,15,15,2293,1514,275,673,94.63,30,234,319,21.27,4,111,26.1426
917,14,13,13,2339,1600,288,606,114.29,30,400,332,25.54,4,96,25.6666
918,14,13,13,2149,1478,253,570,105.57,36,210,282,21.69,4,98,23.3507
919,16,15,15,2184,1436,307,572,89.75,35,399,376,25.07,4,107,23.8744
920,14,13,13,1961,1257,259,576,89.79,42,171,303,23.31,4,83,21.5671
921,12,11,11,2112,1473,302,519,122.75,25,484,344,31.27,3,92,20.8405
922,16,15,15,2102,1354,295,632,84.63,25,168,350,23.33,4,107,24.2256
923,12,11,11,1887,1200,305,521,100.00,35,221,373,33.91,3,117,19.8685
924,14,13,13,2260,1559,237,609,111.36,35,420,313,24.08,4,81,23.3108
925,11,10,10,1936,1311,263,480,119.18,25,324,307,30.70,3,78,17.8252
926,15,14,14,1872,1200,263,562,80.00,25,138,304,21.71,4,100,21.0502
927,12,11,11,1657,1091,232,488,90.92,42,208,289,26.27,4,111,18.3488
928,15,14,14,2176,1523,310,519,101.53,30,288,361,25.79,3,108,23.5644
929,12,11,11,2246,1558,226,598,129.83,36,400,253,23.00,4,89,22.9753
930,14,13,13,1835,1197,269,491,85.50,25,198,318,24.46,4,109,20.5959
931,11,10,10,1853,1293,227,459,117.55,42,456,249,24.90,4,97,19.8167
932,14,13,13,1824,1148,286,549,82.00,30,168,310,23.85,3,96,20.3002
933,12,11,11,2486,1818,215,563,151.50,30,552,240,21.82,4,89,25.9919
934,16,15,15,2775,2073,302,620,129.56,30,648,327,21.80,4,85,31.1425
935,14,13,13,2127,1466,261,548,104.71,35,304,305,23.46,4,106,22.7953
936,14,13,13,2019,1359,279,537,97.07,25,288,332,25.54,3,112,38.0498
937,13,12,12,1825,1162,297,492,89.38,48,168,342,28.50,3,103,20.3606
938,16,15,15,2036,1405,239,532,87.81,30,176,317,21.13,4,82,22.7366
939,16,15,15,2206,1463,295,613,91.44,35,187,328,21.87,4,103,25.5093
940,13,12,12,2122,1502,273,523,115.54,54,345,343,28.58,3,99,23.4443
941,14,13,13,2116,1457,257,555,104.07,48,187,300,23.08,4,106,22.8545
942,12,11,11,2155,1482,319,508,123.50,35,504,343,31.18,3,102,22.7267
943,15,14,14,1899,1222,300,545,81.47,25,207,326,23.29,4,91,20.8435
944,10,9,9,1891,1266,263,508,126.60,60,350,337,37.44,2,99,20.4700
945,15,14,14,2351,1607,249,640,107.13,35,280,284,20.29,4,98,26.0278
946,12,11,11,2121,1523,249,524,126.92,36,325,282,25.64,4,106,23.7572
947,15,14,14,2111,1383,246,629,92.20,40,210,300,21.43,4,84,24.1358
948,12,11,11,2041,1379,326,507,114.92,30,476,388,35.27,3,88,22.0679
949,15,14,14,2153,1419,272,639,94.60,36,180,313,22.36,4,102,25.3205
950,12,11,11,1653,1147,199,416,95.58,25,435,250,22.73,4,105,17.4907
951,16,15,15,2145,1461,278,562,91.31,30,176,333,22.20,4,102,23.9592
952,12,11,11,1807,1178,231,522,98.17,25,252,256,23.27,4,108,19.2058
953,16,15,15,1795,1129,307,506,70.56,35,126,353,23.53,4,106,19.8026
954,11,10,10,2014,1385,210,529,125.91,40,342,261,26.10,4,112,21.9322
955,15,14,14,1789,1086,277,556,72.40,30,165,313,22.36,4,98,19.2799
956,15,14,14,2371,1706,239,584,113.73,30,621,304,21.71,3,101,27.1043
957,16,15,15,2408,1645,286,643,102.81,30,480,353,23.53,4,83,27.0555
958,14,13,13,2090,1396,268,561,99.71,30,300,312,24.00,4,111,22.2240
959,13,12,12,1974,1271,337,517,97.77,25,260,370,30.83,3,105,21.1404
960,16,15,15,2036,1263,336,606,78.94,30,225,378,25.20,4,135,22.2874
961,14,13,13,2165,1436,287,587,102.57,30,220,358,27.54,3,99,24.0616
962,13,12,12,1736,1132,254,487,87.08,36,168,301,25.08,3,107,18.9501
963,14,13,13,2428,1728,322,594,123.43,25,533,350,26.92,3,112,26.9903
964,16,15,15,2257,1507,286,629,94.19,30,286,317,21.13,4,93,25.0440
965,12,11,11,2027,1339,251,541,111.58,36,483,297,27.00,3,118,21.8504
966,15,14,14,1876,1161,278,567,77.40,30,220,316,22.57,4,98,21.9333
967,11,10,10,2034,1422,247,498,129.27,36,260,308,30.80,3,58,25.8233
968,15,14,14,2098,1389,265,611,92.60,30,154,314,22.43,4,102,29.8691
969,11,10,10,2210,1510,228,578,137.27,45,357,306,30.60,3,79,21.3222
970,15,14,14,2095,1378,296,584,91.87,30,240,358,25.57,3,113,23.8752
971,10,9,9,2029,1433,242,491,143.30,60,513,256,28.44,4,104,21.6030
972,14,13,13,2059,1341,271,584,95.79,45,288,288,22.15,4,114,24.0481
973,11,10,10,1740,1116,211,522,101.45,30,210,251,25.10,4,103,20.3492
974,15,14,14,2279,1531,264,656,102.07,35,252,297,21.21,4,102,26.3956
975,12,11,11,1850,1222,258,494,101.83,30,260,294,26.73,4,104,20.0923
976,15,14,14,2053,1362,289,572,90.80,30,165,335,23.93,4,81,22.8137
977,12,11,11,1710,1091,232,512,90.92,35,182,269,24.45,4,92,18.9518
978,15,14,14,1884,1223,262,524,81.53,25,480,351,25.07,3,96,21.0260
979,14,13,13,1925,1263,253,520,90.21,40,171,295,22.69,4,106,21.5460
980,13,12,12,2172,1503,303,529,115.62,40,198,322,26.83,4,99,23.3937
981,16,15,15,1754,1100,280,513,68.75,25,168,323,21.53,4,98,18.8144
982,13,12,12,2513,1824,286,599,140.31,35,468,329,27.42,3,100,27.7959
983,13,12,12,1603,959,268,488,73.77,40,135,309,25.75,3,98,16.9218
984,14,13,13,2020,1283,267,620,91.64,48,209,285,21.92,4,95,22.5328
985,14,13,13,1983,1293,295,559,92.36,25,312,331,25.46,4,98,21.8325
986,12,11,11,2397,1689,340,531,140.75,25,648,378,34.36,3,89,25.1620
987,16,15,15,2565,1775,266,701,110.94,30,432,323,21.53,4,100,30.0662
988,12,11,11,2099,1432,301,531,119.33,35,247,339,30.82,3,98,35.3914
989,14,13,13,2162,1516,290,547,108.29,30,273,323,24.85,3,117,24.1345
990,12,11,11,1846,1220,259,511,101.67,30,225,304,27.64,3,91,19.7390
991,15,14,14,2295,1656,288,542,110.40,36,275,318,22.71,4,101,25.1334
992,12,11,11,2117,1497,305,501,124.75,40,323,341,31.00,3,106,22.7105
993,14,13,13,2190,1503,311,553,107.36,25,306,340,26.15,4,99,23.8320
994,11,10,10,2318,1744,211,504,158.55,42,660,239,23.90,4,91,25.1737
995,14,13,13,1862,1205,285,509,86.07,40,252,317,24.38,4,83,20.5454
996,11,10,10,1750,1184,196,484,107.64,30,323,211,21.10,4,95,17.0314
997,15,14,14,1947,1223,306,587,81.53,25,270,379,27.07,3,112,21.5353
998,12,11,11,1961,1319,237,527,109.92,25,289,275,25.00,4,92,20.0488
999,15,14,14,2007,1316,307,554,87.73,30,338,341,24.36,4,112,21.4147
1000,11,10,10,2167,1518,203,556,138.00,48,306,227,22.70,4,92,22.3797
